web-scraper-order,web-scraper-start-url,Name,Stab Attack,Slash Attack,Crush Attack,Magic Attack,Ranged Attack,Stab Defence,Slash Defence,Crush Defence,Magic Defence,Ranged Defence,Stength,Ranged Stength,Magic Damage,Prayer,Wiki Link,Wiki Link-href
"1536190469-1243","http://oldschoolrunescape.wikia.com/wiki/Body_slot_table","Chicken wings","0","0","0","0","0","0","0","0","0","0","0","0","0","0","Chicken wings","http://oldschoolrunescape.wikia.com/wiki/Chicken_wings"
"1536190469-1352","http://oldschoolrunescape.wikia.com/wiki/Body_slot_table","Obsidian platebody","0","0","0","0","0","+55","+78","+56","-15","+60","+3","0","0","0","Obsidian platebody","http://oldschoolrunescape.wikia.com/wiki/Obsidian_platebody"
"1536190469-1373","http://oldschoolrunescape.wikia.com/wiki/Body_slot_table","Red elegant blouse","0","0","0","0","0","0","0","0","0","0","0","0","0","0","Red elegant blouse","http://oldschoolrunescape.wikia.com/wiki/Red_elegant_blouse"
"1536190469-1300","http://oldschoolrunescape.wikia.com/wiki/Body_slot_table","Green d'hide body (g)","0","0","0","-15","+15","+40","+32","+45","+20","+40","0","0","0","0","Green d'hide body (g)","http://oldschoolrunescape.wikia.com/wiki/Green_d%27hide_body_(g)"
"1536190469-1431","http://oldschoolrunescape.wikia.com/wiki/Body_slot_table","Varrock armour 4","0","0","0","-30","-10","65","63","55","-6","63","0","0","0","0","Varrock armour 4","http://oldschoolrunescape.wikia.com/wiki/Varrock_armour_4"
"1536190469-1408","http://oldschoolrunescape.wikia.com/wiki/Body_slot_table","Statius's platebody","5","5","7","-30","-10","154","145","121","-6","157","5","0","0","0","Statius's platebody","http://oldschoolrunescape.wikia.com/wiki/Statius%27s_platebody"
"1536190469-1427","http://oldschoolrunescape.wikia.com/wiki/Body_slot_table","Ultimate ironman platebody","0","0","0","-30","-10","+21","+20","+12","-6","+20","0","0","0","0","Ultimate ironman platebody","http://oldschoolrunescape.wikia.com/wiki/Ultimate_ironman_platebody"
"1536190469-1258","http://oldschoolrunescape.wikia.com/wiki/Body_slot_table","Desert top (overcoat)","0","0","0","0","0","0","0","0","0","0","0","0","0","0","Desert top (overcoat)","http://oldschoolrunescape.wikia.com/wiki/Desert_top_(overcoat)"
"1536190469-1182","http://oldschoolrunescape.wikia.com/wiki/Body_slot_table","3rd age robe top","0","0","0","24","0","0","0","0","24","0","0","0","0","0","3rd age robe top","http://oldschoolrunescape.wikia.com/wiki/3rd_age_robe_top"
"1536190469-1423","http://oldschoolrunescape.wikia.com/wiki/Body_slot_table","Tribal top (brown)","0","0","0","0","0","0","0","0","0","0","0","0","0","0","Tribal top (brown)","http://oldschoolrunescape.wikia.com/wiki/Tribal_top_(brown)"
"1536190469-1272","http://oldschoolrunescape.wikia.com/wiki/Body_slot_table","Farmer's shirt","0","0","0","0","0","0","0","0","0","0","0","0","0","0","Farmer's shirt","http://oldschoolrunescape.wikia.com/wiki/Farmer%27s_shirt"
"1536190469-1320","http://oldschoolrunescape.wikia.com/wiki/Body_slot_table","Iron platebody (t)","0","0","0","-30","-10","+21","+20","+12","-6","+20","0","0","0","0","Iron platebody (t)","http://oldschoolrunescape.wikia.com/wiki/Iron_platebody_(t)"
"1536190469-1314","http://oldschoolrunescape.wikia.com/wiki/Body_slot_table","Hardleather body","+0","+0","+0","-4","+8","+12","+15","+18","+6","+15","+0","0","0","+0","Hardleather body","http://oldschoolrunescape.wikia.com/wiki/Hardleather_body"
"1536190469-1228","http://oldschoolrunescape.wikia.com/wiki/Body_slot_table","Bob's blue shirt","0","0","0","0","0","0","0","0","0","0","0","0","0","0","Bob's blue shirt","http://oldschoolrunescape.wikia.com/wiki/Bob%27s_blue_shirt"
"1536190469-1247","http://oldschoolrunescape.wikia.com/wiki/Body_slot_table","Cow top","0","0","0","0","0","0","0","0","0","0","0","0","0","0","Cow top","http://oldschoolrunescape.wikia.com/wiki/Cow_top"
"1536190469-1346","http://oldschoolrunescape.wikia.com/wiki/Body_slot_table","Mourner top","0","0","0","0","0","0","0","0","0","0","0","0","0","0","Mourner top","http://oldschoolrunescape.wikia.com/wiki/Mourner_top"
"1536190469-1184","http://oldschoolrunescape.wikia.com/wiki/Body_slot_table","Adamant platebody","0","0","0","-30","-10","+65","+63","+55","-6","+63","0","0","0","0","Adamant platebody","http://oldschoolrunescape.wikia.com/wiki/Adamant_platebody"
"1536190469-1292","http://oldschoolrunescape.wikia.com/wiki/Body_slot_table","Graceful top","0","0","0","0","0","0","0","0","0","0","0","0","0","0","Graceful top","http://oldschoolrunescape.wikia.com/wiki/Graceful_top"
"1536190469-1413","http://oldschoolrunescape.wikia.com/wiki/Body_slot_table","Stripy pirate shirt (beige)","0","0","0","0","0","0","0","0","0","0","0","0","0","0","Stripy pirate shirt (beige)","http://oldschoolrunescape.wikia.com/wiki/Stripy_pirate_shirt_(beige)"
"1536190469-1212","http://oldschoolrunescape.wikia.com/wiki/Body_slot_table","Black platebody (g)","0","0","0","-30","-10","+41","+40","+30","-6","+40","0","0","0","0","Black platebody (g)","http://oldschoolrunescape.wikia.com/wiki/Black_platebody_(g)"
"1536190469-1266","http://oldschoolrunescape.wikia.com/wiki/Body_slot_table","Eggshell platebody","0","0","0","0","0","0","0","0","0","0","0","0","0","0","Eggshell platebody","http://oldschoolrunescape.wikia.com/wiki/Eggshell_platebody"
"1536190469-1225","http://oldschoolrunescape.wikia.com/wiki/Body_slot_table","Blue wizard robe (g)","0","0","0","+2","0","0","0","0","+2","0","0","0","0","0","Blue wizard robe (g)","http://oldschoolrunescape.wikia.com/wiki/Blue_wizard_robe_(g)"
"1536190469-1349","http://oldschoolrunescape.wikia.com/wiki/Body_slot_table","Mystic robe top (blue)","0","0","0","+20","0","0","0","0","+20","0","0","0","0","0","Mystic robe top (blue)","http://oldschoolrunescape.wikia.com/wiki/Mystic_robe_top_(blue)"
"1536190469-1291","http://oldschoolrunescape.wikia.com/wiki/Body_slot_table","Graceful top","0","0","0","0","0","0","0","0","0","0","0","0","0","0","Graceful top","http://oldschoolrunescape.wikia.com/wiki/Graceful_top"
"1536190469-1202","http://oldschoolrunescape.wikia.com/wiki/Body_slot_table","Bandos robe top","0","0","0","+4","0","0","0","0","+4","0","0","0","0","+6","Bandos robe top","http://oldschoolrunescape.wikia.com/wiki/Bandos_robe_top"
"1536190469-1390","http://oldschoolrunescape.wikia.com/wiki/Body_slot_table","Saradomin robe top","0","0","0","+4","0","0","0","0","+4","0","0","0","0","+6","Saradomin robe top","http://oldschoolrunescape.wikia.com/wiki/Saradomin_robe_top"
"1536190469-1189","http://oldschoolrunescape.wikia.com/wiki/Body_slot_table","Ancient d'hide","0","0","0","-15","+30","+55","+47","+60","+50","+55","0","0","0","+1","Ancient d'hide","http://oldschoolrunescape.wikia.com/wiki/Ancient_d%27hide"
"1536190469-1379","http://oldschoolrunescape.wikia.com/wiki/Body_slot_table","Rock-shell plate","0","0","0","-30","-10","+82","+80","+72","-6","+80","0","0","0","0","Rock-shell plate","http://oldschoolrunescape.wikia.com/wiki/Rock-shell_plate"
"1536190469-1444","http://oldschoolrunescape.wikia.com/wiki/Body_slot_table","Woven top (yellow)","0","0","0","0","0","0","0","0","0","0","0","0","0","0","Woven top (yellow)","http://oldschoolrunescape.wikia.com/wiki/Woven_top_(yellow)"
"1536190469-1295","http://oldschoolrunescape.wikia.com/wiki/Body_slot_table","Graceful top","0","0","0","0","0","0","0","0","0","0","0","0","0","0","Graceful top","http://oldschoolrunescape.wikia.com/wiki/Graceful_top"
"1536190469-1249","http://oldschoolrunescape.wikia.com/wiki/Body_slot_table","Crier coat","0","0","0","0","0","0","0","0","0","0","0","0","0","0","Crier coat","http://oldschoolrunescape.wikia.com/wiki/Crier_coat"
"1536190469-1308","http://oldschoolrunescape.wikia.com/wiki/Body_slot_table","Guthan's platebody","0","0","0","-30","-10","+122","+120","+107","-6","+132","0","0","0","0","Guthan's platebody","http://oldschoolrunescape.wikia.com/wiki/Guthan%27s_platebody"
"1536190469-1430","http://oldschoolrunescape.wikia.com/wiki/Body_slot_table","Varrock armour 3","0","0","0","-30","-10","+46","+44","+38","-6","+44","0","0","0","0","Varrock armour 3","http://oldschoolrunescape.wikia.com/wiki/Varrock_armour_3"
"1536190469-1382","http://oldschoolrunescape.wikia.com/wiki/Body_slot_table","Rune chainbody","0","0","0","-15","0","+63","+72","+78","-3","+65","0","0","0","0","Rune chainbody","http://oldschoolrunescape.wikia.com/wiki/Rune_chainbody"
"1536190469-1280","http://oldschoolrunescape.wikia.com/wiki/Body_slot_table","Frog-leather body","0","0","0","-5","+10","+23","+26","+30","+15","+32","0","0","0","0","Frog-leather body","http://oldschoolrunescape.wikia.com/wiki/Frog-leather_body"
"1536190469-1227","http://oldschoolrunescape.wikia.com/wiki/Body_slot_table","Bob's black shirt","0","0","0","0","0","0","0","0","0","0","0","0","0","0","Bob's black shirt","http://oldschoolrunescape.wikia.com/wiki/Bob%27s_black_shirt"
"1536190469-1198","http://oldschoolrunescape.wikia.com/wiki/Body_slot_table","Armadyl robe top","0","0","0","+4","0","0","0","0","+4","0","0","0","0","+6","Armadyl robe top","http://oldschoolrunescape.wikia.com/wiki/Armadyl_robe_top"
"1536190469-1371","http://oldschoolrunescape.wikia.com/wiki/Body_slot_table","Red d'hide body (t)","0","0","0","-15","+25","+50","+42","+55","+40","+50","0","0","0","0","Red d'hide body (t)","http://oldschoolrunescape.wikia.com/wiki/Red_d%27hide_body_(t)"
"1536190469-1224","http://oldschoolrunescape.wikia.com/wiki/Body_slot_table","Blue wizard robe","0","0","0","+3","0","0","0","0","+3","0","0","0","0","0","Blue wizard robe","http://oldschoolrunescape.wikia.com/wiki/Blue_wizard_robe"
"1536190469-1316","http://oldschoolrunescape.wikia.com/wiki/Body_slot_table","Initiate hauberk","0","0","0","-30","-10","+46","+44","+38","-6","+44","0","0","0","+6","Initiate hauberk","http://oldschoolrunescape.wikia.com/wiki/Initiate_hauberk"
"1536190469-1322","http://oldschoolrunescape.wikia.com/wiki/Body_slot_table","Jungle camo top","0","0","0","0","0","+10","+15","+19","0","+12","0","0","0","0","Jungle camo top","http://oldschoolrunescape.wikia.com/wiki/Jungle_camo_top"
"1536190469-1426","http://oldschoolrunescape.wikia.com/wiki/Body_slot_table","Turquoise robe top","0","0","0","0","0","0","+2","+2","0","0","0","0","0","0","Turquoise robe top","http://oldschoolrunescape.wikia.com/wiki/Turquoise_robe_top"
"1536190469-1393","http://oldschoolrunescape.wikia.com/wiki/Body_slot_table","Shayzien platebody (2)","0","0","0","-7","0","+20","+25","+30","-3","+20","0","0","0","0","Shayzien platebody (2)","http://oldschoolrunescape.wikia.com/wiki/Shayzien_platebody_(2)"
"1536190469-1397","http://oldschoolrunescape.wikia.com/wiki/Body_slot_table","Shirt (brown)","0","0","0","0","0","0","0","0","0","0","0","0","0","0","Shirt (brown)","http://oldschoolrunescape.wikia.com/wiki/Shirt_(brown)"
"1536190469-1261","http://oldschoolrunescape.wikia.com/wiki/Body_slot_table","Dragon chainbody","0","0","0","-15","0","+81","+93","+98","-3","+82","0","0","0","0","Dragon chainbody","http://oldschoolrunescape.wikia.com/wiki/Dragon_chainbody"
"1536190469-1276","http://oldschoolrunescape.wikia.com/wiki/Body_slot_table","Fremennik brown shirt","0","0","0","0","0","0","0","0","0","0","0","0","0","0","Fremennik brown shirt","http://oldschoolrunescape.wikia.com/wiki/Fremennik_brown_shirt"
"1536190469-1359","http://oldschoolrunescape.wikia.com/wiki/Body_slot_table","Prince tunic","0","0","0","0","0","0","0","0","0","0","0","0","0","0","Prince tunic","http://oldschoolrunescape.wikia.com/wiki/Prince_tunic"
"1536190469-1196","http://oldschoolrunescape.wikia.com/wiki/Body_slot_table","Armadyl d'hide","0","0","0","-15","+30","+55","+47","+60","+50","+55","0","0","0","+1","Armadyl d'hide","http://oldschoolrunescape.wikia.com/wiki/Armadyl_d%27hide"
"1536190469-1240","http://oldschoolrunescape.wikia.com/wiki/Body_slot_table","Bunny top","0","0","0","0","0","0","0","0","0","0","0","0","0","0","Bunny top","http://oldschoolrunescape.wikia.com/wiki/Bunny_top"
"1536190469-1192","http://oldschoolrunescape.wikia.com/wiki/Body_slot_table","Angler top","0","0","0","0","0","0","0","0","0","0","0","0","0","0","Angler top","http://oldschoolrunescape.wikia.com/wiki/Angler_top"
"1536190469-1360","http://oldschoolrunescape.wikia.com/wiki/Body_slot_table","Princess blouse","0","0","0","0","0","0","0","0","0","0","0","0","0","0","Princess blouse","http://oldschoolrunescape.wikia.com/wiki/Princess_blouse"
"1536190469-1226","http://oldschoolrunescape.wikia.com/wiki/Body_slot_table","Blue wizard robe (t)","0","0","0","+3","0","0","0","0","+3","0","0","0","0","0","Blue wizard robe (t)","http://oldschoolrunescape.wikia.com/wiki/Blue_wizard_robe_(t)"
"1536190469-1370","http://oldschoolrunescape.wikia.com/wiki/Body_slot_table","Red d'hide body (g)","0","0","0","-15","+25","+50","+42","+55","+40","+50","0","0","0","0","Red d'hide body (g)","http://oldschoolrunescape.wikia.com/wiki/Red_d%27hide_body_(g)"
"1536190469-1362","http://oldschoolrunescape.wikia.com/wiki/Body_slot_table","Prospector jacket","0","0","0","0","0","0","0","0","0","0","0","0","0","0","Prospector jacket","http://oldschoolrunescape.wikia.com/wiki/Prospector_jacket"
"1536190469-1298","http://oldschoolrunescape.wikia.com/wiki/Body_slot_table","Gravedigger top","0","0","0","0","0","0","0","0","0","0","0","0","0","0","Gravedigger top","http://oldschoolrunescape.wikia.com/wiki/Gravedigger_top"
"1536190469-1418","http://oldschoolrunescape.wikia.com/wiki/Body_slot_table","Studded body (g)","0","0","0","-4","+8","+18","+25","+22","+8","+25","0","0","0","0","Studded body (g)","http://oldschoolrunescape.wikia.com/wiki/Studded_body_(g)"
"1536190469-1214","http://oldschoolrunescape.wikia.com/wiki/Body_slot_table","Black robe","0","0","0","+3","0","0","0","0","+3","0","0","0","0","0","Black robe","http://oldschoolrunescape.wikia.com/wiki/Black_robe"
"1536190469-1264","http://oldschoolrunescape.wikia.com/wiki/Body_slot_table","Dragon platebody (g)","0","0","0","-30","-10","109","107","97","-6","106","0","0","0","0","Dragon platebody (g)","http://oldschoolrunescape.wikia.com/wiki/Dragon_platebody_(g)"
"1536190469-1366","http://oldschoolrunescape.wikia.com/wiki/Body_slot_table","Purple robe top","0","0","0","0","0","0","+2","+2","0","0","0","0","0","0","Purple robe top","http://oldschoolrunescape.wikia.com/wiki/Purple_robe_top"
"1536190469-1365","http://oldschoolrunescape.wikia.com/wiki/Body_slot_table","Purple naval shirt","0","0","0","0","0","0","0","0","0","0","0","0","0","0","Purple naval shirt","http://oldschoolrunescape.wikia.com/wiki/Purple_naval_shirt"
"1536190469-1207","http://oldschoolrunescape.wikia.com/wiki/Body_slot_table","Black d'hide body (t)","0","0","0","-15","+30","+55","+47","+60","+50","+55","0","0","0","0","Black d'hide body (t)","http://oldschoolrunescape.wikia.com/wiki/Black_d%27hide_body_(t)"
"1536190469-1239","http://oldschoolrunescape.wikia.com/wiki/Body_slot_table","Builder's shirt","0","0","0","0","0","0","0","0","0","0","0","0","0","0","Builder's shirt","http://oldschoolrunescape.wikia.com/wiki/Builder%27s_shirt"
"1536190469-1401","http://oldschoolrunescape.wikia.com/wiki/Body_slot_table","Skeletal top","0","0","0","+8","-10","+35","+25","+42","+15","0","0","0","0","0","Skeletal top","http://oldschoolrunescape.wikia.com/wiki/Skeletal_top"
"1536190469-1181","http://oldschoolrunescape.wikia.com/wiki/Body_slot_table","3rd age range top","0","0","0","-15","30","55","47","60","60","55","0","0","0","0","3rd age range top","http://oldschoolrunescape.wikia.com/wiki/3rd_age_range_top"
"1536190469-1232","http://oldschoolrunescape.wikia.com/wiki/Body_slot_table","Bomber jacket","0","0","0","0","0","0","0","0","0","0","0","0","0","0","Bomber jacket","http://oldschoolrunescape.wikia.com/wiki/Bomber_jacket"
"1536190469-1255","http://oldschoolrunescape.wikia.com/wiki/Body_slot_table","Desert camo top","0","0","0","0","0","+10","+15","+19","0","+12","0","0","0","0","Desert camo top","http://oldschoolrunescape.wikia.com/wiki/Desert_camo_top"
"1536190469-1447","http://oldschoolrunescape.wikia.com/wiki/Body_slot_table","Yellow robe top","0","0","0","0","0","0","+2","+2","0","0","0","0","0","0","Yellow robe top","http://oldschoolrunescape.wikia.com/wiki/Yellow_robe_top"
"1536190469-1387","http://oldschoolrunescape.wikia.com/wiki/Body_slot_table","Santa jacket","0","0","0","0","0","0","0","0","0","0","0","0","0","0","Santa jacket","http://oldschoolrunescape.wikia.com/wiki/Santa_jacket"
"1536190469-1200","http://oldschoolrunescape.wikia.com/wiki/Body_slot_table","Bandos d'hide","0","0","0","-15","+30","+55","+47","+60","+50","+55","0","0","0","+1","Bandos d'hide","http://oldschoolrunescape.wikia.com/wiki/Bandos_d%27hide"
"1536190469-1335","http://oldschoolrunescape.wikia.com/wiki/Body_slot_table","Menaphite purple top","0","0","0","0","0","0","0","0","0","0","0","0","0","0","Menaphite purple top","http://oldschoolrunescape.wikia.com/wiki/Menaphite_purple_top"
"1536190469-1304","http://oldschoolrunescape.wikia.com/wiki/Body_slot_table","Green naval shirt","0","0","0","0","0","0","0","0","0","0","0","0","0","0","Green naval shirt","http://oldschoolrunescape.wikia.com/wiki/Green_naval_shirt"
"1536190469-1417","http://oldschoolrunescape.wikia.com/wiki/Body_slot_table","Studded body","0","0","0","-4","+8","+18","+25","+22","+8","+25","0","0","0","0","Studded body","http://oldschoolrunescape.wikia.com/wiki/Studded_body"
"1536190469-1283","http://oldschoolrunescape.wikia.com/wiki/Body_slot_table","Gilded platebody","0","0","0","-30","-10","+82","+80","+72","-6","+80","0","0","0","0","Gilded platebody","http://oldschoolrunescape.wikia.com/wiki/Gilded_platebody"
"1536190469-1325","http://oldschoolrunescape.wikia.com/wiki/Body_slot_table","Karil's leathertop","0","0","0","-15","+30","+47","+42","+50","+65","+57","0","0","0","0","Karil's leathertop","http://oldschoolrunescape.wikia.com/wiki/Karil%27s_leathertop"
"1536190469-1288","http://oldschoolrunescape.wikia.com/wiki/Body_slot_table","Graahk top","0","0","0","0","0","+10","+15","+19","0","+12","0","0","0","0","Graahk top","http://oldschoolrunescape.wikia.com/wiki/Graahk_top"
"1536190469-1270","http://oldschoolrunescape.wikia.com/wiki/Body_slot_table","Evil chicken wings","0","0","0","0","0","0","0","0","0","0","0","0","0","0","Evil chicken wings","http://oldschoolrunescape.wikia.com/wiki/Evil_chicken_wings"
"1536190469-1439","http://oldschoolrunescape.wikia.com/wiki/Body_slot_table","White elegant blouse","0","0","0","0","0","0","0","0","0","0","0","0","0","0","White elegant blouse","http://oldschoolrunescape.wikia.com/wiki/White_elegant_blouse"
"1536190469-1443","http://oldschoolrunescape.wikia.com/wiki/Body_slot_table","Woven top (brown)","0","0","0","0","0","0","0","0","0","0","0","0","0","0","Woven top (brown)","http://oldschoolrunescape.wikia.com/wiki/Woven_top_(brown)"
"1536190469-1398","http://oldschoolrunescape.wikia.com/wiki/Body_slot_table","Shirt (lilac)","0","0","0","0","0","0","0","0","0","0","0","0","0","0","Shirt (lilac)","http://oldschoolrunescape.wikia.com/wiki/Shirt_(lilac)"
"1536190469-1242","http://oldschoolrunescape.wikia.com/wiki/Body_slot_table","Carnillean armour","0","0","0","0","0","+20","+14","+8","0","0","0","0","0","0","Carnillean armour","http://oldschoolrunescape.wikia.com/wiki/Carnillean_armour"
"1536190469-1354","http://oldschoolrunescape.wikia.com/wiki/Body_slot_table","Pink elegant shirt","0","0","0","0","0","0","0","0","0","0","0","0","0","0","Pink elegant shirt","http://oldschoolrunescape.wikia.com/wiki/Pink_elegant_shirt"
"1536190469-1253","http://oldschoolrunescape.wikia.com/wiki/Body_slot_table","Decorative magic robe top","0","0","0","0","0","+20","+20","+20","+20","+20","0","0","0","0","Decorative magic robe top","http://oldschoolrunescape.wikia.com/wiki/Decorative_magic_robe_top"
"1536190469-1453","http://oldschoolrunescape.wikia.com/wiki/Body_slot_table","Zuriel's robe top","0","0","0","25","-7","38","35","44","25","0","0","0","0","0","Zuriel's robe top","http://oldschoolrunescape.wikia.com/wiki/Zuriel%27s_robe_top"
"1536190469-1410","http://oldschoolrunescape.wikia.com/wiki/Body_slot_table","Steel platebody","0","0","0","-30","-10","32","31","24","-6","31","0","0","0","0","Steel platebody","http://oldschoolrunescape.wikia.com/wiki/Steel_platebody"
"1536190469-1183","http://oldschoolrunescape.wikia.com/wiki/Body_slot_table","Adamant chainbody","0","0","0","-15","0","+36","+50","+61","-3","+38","0","0","0","0","Adamant chainbody","http://oldschoolrunescape.wikia.com/wiki/Adamant_chainbody"
"1536190469-1399","http://oldschoolrunescape.wikia.com/wiki/Body_slot_table","Shirt (yellow)","0","0","0","0","0","0","0","0","0","0","0","0","0","0","Shirt (yellow)","http://oldschoolrunescape.wikia.com/wiki/Shirt_(yellow)"
"1536190469-1194","http://oldschoolrunescape.wikia.com/wiki/Body_slot_table","Antisanta jacket","0","0","0","0","0","0","0","0","0","0","0","0","0","0","Antisanta jacket","http://oldschoolrunescape.wikia.com/wiki/Antisanta_jacket"
"1536190469-1333","http://oldschoolrunescape.wikia.com/wiki/Body_slot_table","Lumberjack top","0","0","0","0","0","0","0","0","0","0","0","0","0","0","Lumberjack top","http://oldschoolrunescape.wikia.com/wiki/Lumberjack_top"
"1536190469-1375","http://oldschoolrunescape.wikia.com/wiki/Body_slot_table","Red naval shirt","0","0","0","0","0","0","0","0","0","0","0","0","0","0","Red naval shirt","http://oldschoolrunescape.wikia.com/wiki/Red_naval_shirt"
"1536190469-1302","http://oldschoolrunescape.wikia.com/wiki/Body_slot_table","Green elegant blouse","0","0","0","0","0","0","0","0","0","0","0","0","0","0","Green elegant blouse","http://oldschoolrunescape.wikia.com/wiki/Green_elegant_blouse"
"1536190469-1284","http://oldschoolrunescape.wikia.com/wiki/Body_slot_table","Gold decorative body","0","0","0","-30","-10","+65","+63","+55","-6","+63","0","0","0","0","Gold decorative body","http://oldschoolrunescape.wikia.com/wiki/Gold_decorative_body"
"1536190469-1356","http://oldschoolrunescape.wikia.com/wiki/Body_slot_table","Plague jacket","0","0","0","0","0","0","0","0","0","0","0","0","0","0","Plague jacket","http://oldschoolrunescape.wikia.com/wiki/Plague_jacket"
"1536190469-1271","http://oldschoolrunescape.wikia.com/wiki/Body_slot_table","Farmer's jacket","0","0","0","0","0","0","0","0","0","0","0","0","0","0","Farmer's jacket","http://oldschoolrunescape.wikia.com/wiki/Farmer%27s_jacket"
"1536190469-1234","http://oldschoolrunescape.wikia.com/wiki/Body_slot_table","Bronze platebody","0","0","0","-30","-10","+15","+14","+9","-6","+14","0","0","0","0","Bronze platebody","http://oldschoolrunescape.wikia.com/wiki/Bronze_platebody"
"1536190469-1190","http://oldschoolrunescape.wikia.com/wiki/Body_slot_table","Ancient platebody","0","0","0","-30","-10","+82","+80","+72","-6","+80","0","0","0","+1","Ancient platebody","http://oldschoolrunescape.wikia.com/wiki/Ancient_platebody"
"1536190469-1203","http://oldschoolrunescape.wikia.com/wiki/Body_slot_table","Banshee top","0","0","0","0","0","0","0","0","0","0","0","0","0","0","Banshee top","http://oldschoolrunescape.wikia.com/wiki/Banshee_top"
"1536190469-1233","http://oldschoolrunescape.wikia.com/wiki/Body_slot_table","Bronze chainbody","0","0","0","-15","0","+7","+11","+13","-3","+9","0","0","0","0","Bronze chainbody","http://oldschoolrunescape.wikia.com/wiki/Bronze_chainbody"
"1536190469-1286","http://oldschoolrunescape.wikia.com/wiki/Body_slot_table","Gold elegant shirt","0","0","0","0","0","0","0","0","0","0","0","0","0","0","Gold elegant shirt","http://oldschoolrunescape.wikia.com/wiki/Gold_elegant_shirt"
"1536190469-1191","http://oldschoolrunescape.wikia.com/wiki/Body_slot_table","Ancient robe top","0","0","0","+4","0","0","0","0","+4","0","0","0","0","+6","Ancient robe top","http://oldschoolrunescape.wikia.com/wiki/Ancient_robe_top"
"1536190469-1262","http://oldschoolrunescape.wikia.com/wiki/Body_slot_table","Dragon chainbody (g)","0","0","0","-15","0","+81","+93","+98","-3","+82","0","0","0","0","Dragon chainbody (g)","http://oldschoolrunescape.wikia.com/wiki/Dragon_chainbody_(g)"
"1536190469-1348","http://oldschoolrunescape.wikia.com/wiki/Body_slot_table","Musketeer tabard","0","0","0","0","0","0","0","0","0","0","0","0","0","0","Musketeer tabard","http://oldschoolrunescape.wikia.com/wiki/Musketeer_tabard"
"1536190469-1277","http://oldschoolrunescape.wikia.com/wiki/Body_slot_table","Fremennik grey shirt","0","0","0","0","0","0","0","0","0","0","0","0","0","0","Fremennik grey shirt","http://oldschoolrunescape.wikia.com/wiki/Fremennik_grey_shirt"
"1536190469-1384","http://oldschoolrunescape.wikia.com/wiki/Body_slot_table","Rune platebody (g)","0","0","0","-30","-10","+82","+80","+72","-6","+80","0","0","0","0","Rune platebody (g)","http://oldschoolrunescape.wikia.com/wiki/Rune_platebody_(g)"
"1536190469-1217","http://oldschoolrunescape.wikia.com/wiki/Body_slot_table","Blue d'hide body","0","0","0","-15","+20","+45","+37","+50","+30","+45","0","0","0","0","Blue d'hide body","http://oldschoolrunescape.wikia.com/wiki/Blue_d%27hide_body"
"1536190469-1341","http://oldschoolrunescape.wikia.com/wiki/Body_slot_table","Mithril platebody (t)","0","0","0","-30","-10","+46","+44","+38","-6","+44","0","0","0","0","Mithril platebody (t)","http://oldschoolrunescape.wikia.com/wiki/Mithril_platebody_(t)"
"1536190469-1307","http://oldschoolrunescape.wikia.com/wiki/Body_slot_table","Grey robe top","0","0","0","0","0","0","+2","+2","0","0","0","0","0","0","Grey robe top","http://oldschoolrunescape.wikia.com/wiki/Grey_robe_top"
"1536190469-1342","http://oldschoolrunescape.wikia.com/wiki/Body_slot_table","Monk's robe top","0","0","0","0","0","0","0","0","0","0","0","0","0","+6","Monk's robe top","http://oldschoolrunescape.wikia.com/wiki/Monk%27s_robe_top"
"1536190469-1301","http://oldschoolrunescape.wikia.com/wiki/Body_slot_table","Green d'hide body (t)","0","0","0","-15","+15","+40","+32","+45","+20","+40","0","0","0","0","Green d'hide body (t)","http://oldschoolrunescape.wikia.com/wiki/Green_d%27hide_body_(t)"
"1536190469-1345","http://oldschoolrunescape.wikia.com/wiki/Body_slot_table","Morrigan's leather body","0","0","0","-15","36","61","53","66","75","62","0","0","0","0","Morrigan's leather body","http://oldschoolrunescape.wikia.com/wiki/Morrigan%27s_leather_body"
"1536190469-1435","http://oldschoolrunescape.wikia.com/wiki/Body_slot_table","Vyrewatch top","0","0","0","0","0","0","+2","+2","0","0","0","0","0","0","Vyrewatch top","http://oldschoolrunescape.wikia.com/wiki/Vyrewatch_top"
"1536190469-1250","http://oldschoolrunescape.wikia.com/wiki/Body_slot_table","Dark infinity top","+0","+0","+0","+22","+0","+0","+0","+0","+22","+0","+0","0","0","+0","Dark infinity top","http://oldschoolrunescape.wikia.com/wiki/Dark_infinity_top"
"1536190469-1236","http://oldschoolrunescape.wikia.com/wiki/Body_slot_table","Bronze platebody (t)","0","0","0","-30","-10","+15","+14","+9","-6","+14","0","0","0","0","Bronze platebody (t)","http://oldschoolrunescape.wikia.com/wiki/Bronze_platebody_(t)"
"1536190469-1400","http://oldschoolrunescape.wikia.com/wiki/Body_slot_table","Silly jester top","+0","+0","+0","+0","+0","+0","+0","+0","+5","-5","+0","0","0","+0","Silly jester top","http://oldschoolrunescape.wikia.com/wiki/Silly_jester_top"
"1536190469-1425","http://oldschoolrunescape.wikia.com/wiki/Body_slot_table","Tribal top (yellow)","0","0","0","0","0","0","0","0","0","0","0","0","0","0","Tribal top (yellow)","http://oldschoolrunescape.wikia.com/wiki/Tribal_top_(yellow)"
"1536190469-1437","http://oldschoolrunescape.wikia.com/wiki/Body_slot_table","White chainbody","0","0","0","-15","0","+22","+32","+39","-3","+24","0","0","0","+1","White chainbody","http://oldschoolrunescape.wikia.com/wiki/White_chainbody"
"1536190469-1409","http://oldschoolrunescape.wikia.com/wiki/Body_slot_table","Steel chainbody","0","0","0","-15","0","+17","+25","+30","-3","+19","0","0","0","0","Steel chainbody","http://oldschoolrunescape.wikia.com/wiki/Steel_chainbody"
"1536190469-1391","http://oldschoolrunescape.wikia.com/wiki/Body_slot_table","Shade robe top","0","0","0","0","0","0","0","0","0","0","0","0","0","5","Shade robe top","http://oldschoolrunescape.wikia.com/wiki/Shade_robe_top"
"1536190469-1347","http://oldschoolrunescape.wikia.com/wiki/Body_slot_table","Mummy's body","0","0","0","0","0","0","0","0","0","0","0","0","0","0","Mummy's body","http://oldschoolrunescape.wikia.com/wiki/Mummy%27s_body"
"1536190469-1343","http://oldschoolrunescape.wikia.com/wiki/Body_slot_table","Monk's robe top (g)","0","0","0","0","0","0","0","0","0","0","0","0","0","+6","Monk's robe top (g)","http://oldschoolrunescape.wikia.com/wiki/Monk%27s_robe_top_(g)"
"1536190469-1220","http://oldschoolrunescape.wikia.com/wiki/Body_slot_table","Blue elegant blouse","0","0","0","0","0","0","0","0","0","0","0","0","0","0","Blue elegant blouse","http://oldschoolrunescape.wikia.com/wiki/Blue_elegant_blouse"
"1536190469-1213","http://oldschoolrunescape.wikia.com/wiki/Body_slot_table","Black platebody (t)","0","0","0","-30","-10","+41","+40","+30","-6","+40","0","0","0","0","Black platebody (t)","http://oldschoolrunescape.wikia.com/wiki/Black_platebody_(t)"
"1536190469-1433","http://oldschoolrunescape.wikia.com/wiki/Body_slot_table","Vesta's chainbody","5","7","7","-15","0","120","131","145","-3","140","6","0","0","0","Vesta's chainbody","http://oldschoolrunescape.wikia.com/wiki/Vesta%27s_chainbody"
"1536190469-1278","http://oldschoolrunescape.wikia.com/wiki/Body_slot_table","Fremennik red shirt","0","0","0","0","0","0","0","0","0","0","0","0","0","0","Fremennik red shirt","http://oldschoolrunescape.wikia.com/wiki/Fremennik_red_shirt"
"1536190469-1259","http://oldschoolrunescape.wikia.com/wiki/Body_slot_table","Dharok's platebody","0","0","0","-30","-10","+122","+120","+107","-6","+132","0","0","0","0","Dharok's platebody","http://oldschoolrunescape.wikia.com/wiki/Dharok%27s_platebody"
"1536190469-1380","http://oldschoolrunescape.wikia.com/wiki/Body_slot_table","Rogue top","0","0","0","0","0","+10","+10","+10","+10","+10","0","0","0","0","Rogue top","http://oldschoolrunescape.wikia.com/wiki/Rogue_top"
"1536190469-1296","http://oldschoolrunescape.wikia.com/wiki/Body_slot_table","Graceful top","0","0","0","0","0","0","0","0","0","0","0","0","0","0","Graceful top","http://oldschoolrunescape.wikia.com/wiki/Graceful_top"
"1536190469-1395","http://oldschoolrunescape.wikia.com/wiki/Body_slot_table","Shayzien platebody (4)","0","0","0","-9","0","+28","+35","+37","-4","+25","0","0","0","0","Shayzien platebody (4)","http://oldschoolrunescape.wikia.com/wiki/Shayzien_platebody_(4)"
"1536190469-1216","http://oldschoolrunescape.wikia.com/wiki/Body_slot_table","Black wizard robe (t)","0","0","0","+3","0","0","0","0","+3","0","0","0","0","0","Black wizard robe (t)","http://oldschoolrunescape.wikia.com/wiki/Black_wizard_robe_(t)"
"1536190469-1338","http://oldschoolrunescape.wikia.com/wiki/Body_slot_table","Mithril chainbody","0","0","0","-15","0","+25","+35","+42","-3","+27","0","0","0","0","Mithril chainbody","http://oldschoolrunescape.wikia.com/wiki/Mithril_chainbody"
"1536190469-1368","http://oldschoolrunescape.wikia.com/wiki/Body_slot_table","Rangers' tunic","0","0","0","-15","+15","+6","+9","+12","+6","+6","0","0","0","0","Rangers' tunic","http://oldschoolrunescape.wikia.com/wiki/Rangers%27_tunic"
"1536190469-1297","http://oldschoolrunescape.wikia.com/wiki/Body_slot_table","Granite body","0","0","0","-22","-5","+87","+84","+79","-6","+97","0","0","0","0","Granite body","http://oldschoolrunescape.wikia.com/wiki/Granite_body"
"1536190469-1317","http://oldschoolrunescape.wikia.com/wiki/Body_slot_table","Iron chainbody","0","0","0","-15","0","+10","+15","+19","-3","+12","0","0","0","0","Iron chainbody","http://oldschoolrunescape.wikia.com/wiki/Iron_chainbody"
"1536190469-1246","http://oldschoolrunescape.wikia.com/wiki/Body_slot_table","Corrupted platebody","0","0","0","-30","-10","+21","+20","+12","-6","+20","0","0","0","0","Corrupted platebody","http://oldschoolrunescape.wikia.com/wiki/Corrupted_platebody"
"1536190469-1275","http://oldschoolrunescape.wikia.com/wiki/Body_slot_table","Fremennik blue shirt","0","0","0","0","0","0","0","0","0","0","0","0","0","0","Fremennik blue shirt","http://oldschoolrunescape.wikia.com/wiki/Fremennik_blue_shirt"
"1536190469-1422","http://oldschoolrunescape.wikia.com/wiki/Body_slot_table","Tribal top (blue)","0","0","0","0","0","0","0","0","0","0","0","0","0","0","Tribal top (blue)","http://oldschoolrunescape.wikia.com/wiki/Tribal_top_(blue)"
"1536190469-1238","http://oldschoolrunescape.wikia.com/wiki/Body_slot_table","Brown naval shirt","0","0","0","0","0","0","0","0","0","0","0","0","0","0","Brown naval shirt","http://oldschoolrunescape.wikia.com/wiki/Brown_naval_shirt"
"1536190469-1421","http://oldschoolrunescape.wikia.com/wiki/Body_slot_table","Torag's platebody","+0","+0","+0","-30","-10","+122","+120","+107","-6","+132","+0","0","0","+0","Torag's platebody","http://oldschoolrunescape.wikia.com/wiki/Torag%27s_platebody"
"1536190469-1260","http://oldschoolrunescape.wikia.com/wiki/Body_slot_table","Doctors' gown","0","0","0","0","0","0","0","0","0","0","0","0","0","0","Doctors' gown","http://oldschoolrunescape.wikia.com/wiki/Doctors%27_gown"
"1536190469-1376","http://oldschoolrunescape.wikia.com/wiki/Body_slot_table","Red robe top","0","0","0","0","0","0","+2","+2","0","0","0","0","0","0","Red robe top","http://oldschoolrunescape.wikia.com/wiki/Red_robe_top"
"1536190469-1303","http://oldschoolrunescape.wikia.com/wiki/Body_slot_table","Green elegant shirt","0","0","0","0","0","0","0","0","0","0","0","0","0","0","Green elegant shirt","http://oldschoolrunescape.wikia.com/wiki/Green_elegant_shirt"
"1536190469-1321","http://oldschoolrunescape.wikia.com/wiki/Body_slot_table","Ironman platebody","0","0","0","-30","-10","+21","+20","+12","-6","+20","0","0","0","0","Ironman platebody","http://oldschoolrunescape.wikia.com/wiki/Ironman_platebody"
"1536190469-1451","http://oldschoolrunescape.wikia.com/wiki/Body_slot_table","Zamorak robe top","0","0","0","+4","0","0","0","0","+4","0","0","0","0","+6","Zamorak robe top","http://oldschoolrunescape.wikia.com/wiki/Zamorak_robe_top"
"1536190469-1396","http://oldschoolrunescape.wikia.com/wiki/Body_slot_table","Shayzien platebody (5)","0","0","0","-10","0","+30","+37","+40","-4","+27","0","0","0","0","Shayzien platebody (5)","http://oldschoolrunescape.wikia.com/wiki/Shayzien_platebody_(5)"
"1536190469-1385","http://oldschoolrunescape.wikia.com/wiki/Body_slot_table","Rune platebody (t)","0","0","0","-30","-10","+82","+80","+72","-6","+80","0","0","0","0","Rune platebody (t)","http://oldschoolrunescape.wikia.com/wiki/Rune_platebody_(t)"
"1536190469-1361","http://oldschoolrunescape.wikia.com/wiki/Body_slot_table","Proselyte hauberk","0","0","0","-30","-10","+65","+63","+55","-6","+63","0","0","0","+8","Proselyte hauberk","http://oldschoolrunescape.wikia.com/wiki/Proselyte_hauberk"
"1536190469-1351","http://oldschoolrunescape.wikia.com/wiki/Body_slot_table","Mystic robe top (light)","0","0","0","+20","0","0","0","0","+20","0","0","0","0","0","Mystic robe top (light)","http://oldschoolrunescape.wikia.com/wiki/Mystic_robe_top_(light)"
"1536190469-1315","http://oldschoolrunescape.wikia.com/wiki/Body_slot_table","Infinity top","+0","+0","+0","+22","+0","+0","+0","+0","+22","+0","+0","0","0","+0","Infinity top","http://oldschoolrunescape.wikia.com/wiki/Infinity_top"
"1536190469-1201","http://oldschoolrunescape.wikia.com/wiki/Body_slot_table","Bandos platebody","0","0","0","-30","-10","+82","+80","+72","-6","+80","0","0","0","+1","Bandos platebody","http://oldschoolrunescape.wikia.com/wiki/Bandos_platebody"
"1536190469-1327","http://oldschoolrunescape.wikia.com/wiki/Body_slot_table","Kyatt top","0","0","0","0","0","+10","+15","+19","0","+12","0","0","0","0","Kyatt top","http://oldschoolrunescape.wikia.com/wiki/Kyatt_top"
"1536190469-1311","http://oldschoolrunescape.wikia.com/wiki/Body_slot_table","Guthix robe top","0","0","0","+4","0","0","0","0","+4","0","0","0","0","+6","Guthix robe top","http://oldschoolrunescape.wikia.com/wiki/Guthix_robe_top"
"1536190469-1337","http://oldschoolrunescape.wikia.com/wiki/Body_slot_table","Mime top","0","0","0","0","0","0","0","0","0","0","0","0","0","0","Mime top","http://oldschoolrunescape.wikia.com/wiki/Mime_top"
"1536190469-1274","http://oldschoolrunescape.wikia.com/wiki/Body_slot_table","Fremennik beige shirt","0","0","0","0","0","0","0","0","0","0","0","0","0","0","Fremennik beige shirt","http://oldschoolrunescape.wikia.com/wiki/Fremennik_beige_shirt"
"1536190469-1323","http://oldschoolrunescape.wikia.com/wiki/Body_slot_table","Justiciar chestguard","0","0","0","-40","-20","+132","+130","+117","-16","+142","0","0","0","+4","Justiciar chestguard","http://oldschoolrunescape.wikia.com/wiki/Justiciar_chestguard"
"1536190469-1210","http://oldschoolrunescape.wikia.com/wiki/Body_slot_table","Black naval shirt","0","0","0","0","0","0","0","0","0","0","0","0","0","0","Black naval shirt","http://oldschoolrunescape.wikia.com/wiki/Black_naval_shirt"
"1536190469-1241","http://oldschoolrunescape.wikia.com/wiki/Body_slot_table","Camo top","0","0","0","0","0","0","0","0","0","0","0","0","0","0","Camo top","http://oldschoolrunescape.wikia.com/wiki/Camo_top"
"1536190469-1195","http://oldschoolrunescape.wikia.com/wiki/Body_slot_table","Armadyl chestplate","-7","-7","-7","-15","+33","+56","+48","+61","+70","+57","0","0","0","+1","Armadyl chestplate","http://oldschoolrunescape.wikia.com/wiki/Armadyl_chestplate"
"1536190469-1445","http://oldschoolrunescape.wikia.com/wiki/Body_slot_table","Xerician top","0","0","0","+12","0","0","0","0","+10","0","0","0","0","0","Xerician top","http://oldschoolrunescape.wikia.com/wiki/Xerician_top"
"1536190469-1305","http://oldschoolrunescape.wikia.com/wiki/Body_slot_table","Green robe top","0","0","0","0","0","0","+2","+2","0","0","0","0","0","0","Green robe top","http://oldschoolrunescape.wikia.com/wiki/Green_robe_top"
"1536190469-1223","http://oldschoolrunescape.wikia.com/wiki/Body_slot_table","Blue robe top","0","0","0","0","0","0","+2","+2","0","0","0","0","0","0","Blue robe top","http://oldschoolrunescape.wikia.com/wiki/Blue_robe_top"
"1536190469-1448","http://oldschoolrunescape.wikia.com/wiki/Body_slot_table","Zamorak d'hide","+0","+0","+0","-15","+30","+55","+47","+60","+50","+55","+0","0","0","+1","Zamorak d'hide","http://oldschoolrunescape.wikia.com/wiki/Zamorak_d%27hide"
"1536190469-1237","http://oldschoolrunescape.wikia.com/wiki/Body_slot_table","Brown apron","0","0","0","0","0","0","0","0","0","0","0","0","0","0","Brown apron","http://oldschoolrunescape.wikia.com/wiki/Brown_apron"
"1536190469-1424","http://oldschoolrunescape.wikia.com/wiki/Body_slot_table","Tribal top (pink)","0","0","0","0","0","0","0","0","0","0","0","0","0","0","Tribal top (pink)","http://oldschoolrunescape.wikia.com/wiki/Tribal_top_(pink)"
"1536190469-1355","http://oldschoolrunescape.wikia.com/wiki/Body_slot_table","Pink robe top","0","0","0","0","0","0","+2","+2","0","0","0","0","0","0","Pink robe top","http://oldschoolrunescape.wikia.com/wiki/Pink_robe_top"
"1536190469-1332","http://oldschoolrunescape.wikia.com/wiki/Body_slot_table","Light tuxedo jacket","0","0","0","0","0","0","0","0","0","0","0","0","0","0","Light tuxedo jacket","http://oldschoolrunescape.wikia.com/wiki/Light_tuxedo_jacket"
"1536190469-1350","http://oldschoolrunescape.wikia.com/wiki/Body_slot_table","Mystic robe top (dark)","0","0","0","+20","0","0","0","0","+20","0","0","0","0","0","Mystic robe top (dark)","http://oldschoolrunescape.wikia.com/wiki/Mystic_robe_top_(dark)"
"1536190469-1294","http://oldschoolrunescape.wikia.com/wiki/Body_slot_table","Graceful top","0","0","0","0","0","0","0","0","0","0","0","0","0","0","Graceful top","http://oldschoolrunescape.wikia.com/wiki/Graceful_top"
"1536190469-1441","http://oldschoolrunescape.wikia.com/wiki/Body_slot_table","Wood camo top","0","0","0","0","0","+10","+15","+19","0","+12","0","0","0","0","Wood camo top","http://oldschoolrunescape.wikia.com/wiki/Wood_camo_top"
"1536190469-1414","http://oldschoolrunescape.wikia.com/wiki/Body_slot_table","Stripy pirate shirt (blue)","0","0","0","0","0","0","0","0","0","0","0","0","0","0","Stripy pirate shirt (blue)","http://oldschoolrunescape.wikia.com/wiki/Stripy_pirate_shirt_(blue)"
"1536190469-1436","http://oldschoolrunescape.wikia.com/wiki/Body_slot_table","White apron","0","0","0","0","0","0","0","0","0","0","0","0","0","0","White apron","http://oldschoolrunescape.wikia.com/wiki/White_apron"
"1536190469-1306","http://oldschoolrunescape.wikia.com/wiki/Body_slot_table","Grey naval shirt","0","0","0","0","0","0","0","0","0","0","0","0","0","0","Grey naval shirt","http://oldschoolrunescape.wikia.com/wiki/Grey_naval_shirt"
"1536190469-1230","http://oldschoolrunescape.wikia.com/wiki/Body_slot_table","Bob's purple shirt","0","0","0","0","0","0","0","0","0","0","0","0","0","0","Bob's purple shirt","http://oldschoolrunescape.wikia.com/wiki/Bob%27s_purple_shirt"
"1536190469-1235","http://oldschoolrunescape.wikia.com/wiki/Body_slot_table","Bronze platebody (g)","0","0","0","-30","-10","+15","+14","+9","-6","+14","0","0","0","0","Bronze platebody (g)","http://oldschoolrunescape.wikia.com/wiki/Bronze_platebody_(g)"
"1536190469-1432","http://oldschoolrunescape.wikia.com/wiki/Body_slot_table","Verac's brassard","+0","+0","+0","-6","-2","+81","+95","+85","+0","+81","+0","0","0","+5","Verac's brassard","http://oldschoolrunescape.wikia.com/wiki/Verac%27s_brassard"
"1536190469-1245","http://oldschoolrunescape.wikia.com/wiki/Body_slot_table","Clue hunter garb","0","0","0","-2","2","8","9","10","4","9","0","0","0","0","Clue hunter garb","http://oldschoolrunescape.wikia.com/wiki/Clue_hunter_garb"
"1536190469-1429","http://oldschoolrunescape.wikia.com/wiki/Body_slot_table","Varrock armour 2","0","0","0","-30","-10","+41","+40","+30","-6","+40","0","0","0","0","Varrock armour 2","http://oldschoolrunescape.wikia.com/wiki/Varrock_armour_2"
"1536190469-1222","http://oldschoolrunescape.wikia.com/wiki/Body_slot_table","Blue naval shirt","0","0","0","0","0","0","0","0","0","0","0","0","0","0","Blue naval shirt","http://oldschoolrunescape.wikia.com/wiki/Blue_naval_shirt"
"1536190469-1344","http://oldschoolrunescape.wikia.com/wiki/Body_slot_table","Moonclan armour","0","0","0","+5","-10","+5","+5","+5","+5","-10","0","0","0","0","Moonclan armour","http://oldschoolrunescape.wikia.com/wiki/Moonclan_armour"
"1536190469-1369","http://oldschoolrunescape.wikia.com/wiki/Body_slot_table","Red d'hide body","0","0","0","-15","+25","+50","+42","+55","+40","+50","0","0","0","0","Red d'hide body","http://oldschoolrunescape.wikia.com/wiki/Red_d%27hide_body"
"1536190469-1334","http://oldschoolrunescape.wikia.com/wiki/Body_slot_table","Lunar torso","+0","+0","+0","+10","-10","+34","+22","+40","+12","+0","0","0","0","0","Lunar torso","http://oldschoolrunescape.wikia.com/wiki/Lunar_torso"
"1536190469-1363","http://oldschoolrunescape.wikia.com/wiki/Body_slot_table","Purple elegant blouse","0","0","0","0","0","0","0","0","0","0","0","0","0","0","Purple elegant blouse","http://oldschoolrunescape.wikia.com/wiki/Purple_elegant_blouse"
"1536190469-1187","http://oldschoolrunescape.wikia.com/wiki/Body_slot_table","Ahrim's robetop","0","0","0","+30","-10","+52","+37","+63","+30","0","0","0","0","0","Ahrim's robetop","http://oldschoolrunescape.wikia.com/wiki/Ahrim%27s_robetop"
"1536190469-1252","http://oldschoolrunescape.wikia.com/wiki/Body_slot_table","Deadman's chest","0","0","0","-30","-10","+21","+20","+12","-6","+20","0","0","0","0","Deadman's chest","http://oldschoolrunescape.wikia.com/wiki/Deadman%27s_chest"
"1536190469-1405","http://oldschoolrunescape.wikia.com/wiki/Body_slot_table","Snow imp costume body","0","0","0","0","0","0","0","0","0","0","0","0","0","0","Snow imp costume body","http://oldschoolrunescape.wikia.com/wiki/Snow_imp_costume_body"
"1536190469-1205","http://oldschoolrunescape.wikia.com/wiki/Body_slot_table","Black d'hide body","0","0","0","-15","+30","+55","+47","+60","+50","+55","0","0","0","0","Black d'hide body","http://oldschoolrunescape.wikia.com/wiki/Black_d%27hide_body"
"1536190469-1221","http://oldschoolrunescape.wikia.com/wiki/Body_slot_table","Blue elegant shirt","0","0","0","0","0","0","0","0","0","0","0","0","0","0","Blue elegant shirt","http://oldschoolrunescape.wikia.com/wiki/Blue_elegant_shirt"
"1536190469-1329","http://oldschoolrunescape.wikia.com/wiki/Body_slot_table","Leather body","+0","+0","+0","-2","+2","+8","+9","+10","+4","+9","+0","0","0","+0","Leather body","http://oldschoolrunescape.wikia.com/wiki/Leather_body"
"1536190469-1336","http://oldschoolrunescape.wikia.com/wiki/Body_slot_table","Menaphite red top","0","0","0","0","0","0","0","0","0","0","0","0","0","0","Menaphite red top","http://oldschoolrunescape.wikia.com/wiki/Menaphite_red_top"
"1536190469-1440","http://oldschoolrunescape.wikia.com/wiki/Body_slot_table","White platebody","0","0","0","-30","-10","+41","+40","+30","-6","+40","0","0","0","+1","White platebody","http://oldschoolrunescape.wikia.com/wiki/White_platebody"
"1536190469-1415","http://oldschoolrunescape.wikia.com/wiki/Body_slot_table","Stripy pirate shirt (brown)","0","0","0","0","0","0","0","0","0","0","0","0","0","0","Stripy pirate shirt (brown)","http://oldschoolrunescape.wikia.com/wiki/Stripy_pirate_shirt_(brown)"
"1536190469-1256","http://oldschoolrunescape.wikia.com/wiki/Body_slot_table","Desert shirt","0","0","0","0","0","0","0","0","0","0","0","0","0","0","Desert shirt","http://oldschoolrunescape.wikia.com/wiki/Desert_shirt"
"1536190469-1208","http://oldschoolrunescape.wikia.com/wiki/Body_slot_table","Black desert shirt","0","0","0","0","0","0","0","0","0","0","0","0","0","0","Black desert shirt","http://oldschoolrunescape.wikia.com/wiki/Black_desert_shirt"
"1536190469-1374","http://oldschoolrunescape.wikia.com/wiki/Body_slot_table","Red elegant shirt","0","0","0","0","0","0","0","0","0","0","0","0","0","0","Red elegant shirt","http://oldschoolrunescape.wikia.com/wiki/Red_elegant_shirt"
"1536190469-1331","http://oldschoolrunescape.wikia.com/wiki/Body_slot_table","Light infinity top","+0","+0","+0","+22","+0","+0","+0","+0","+22","+0","+0","0","0","+0","Light infinity top","http://oldschoolrunescape.wikia.com/wiki/Light_infinity_top"
"1536190469-1185","http://oldschoolrunescape.wikia.com/wiki/Body_slot_table","Adamant platebody (g)","0","0","0","-30","-10","+65","+63","+55","-6","+63","0","0","0","0","Adamant platebody (g)","http://oldschoolrunescape.wikia.com/wiki/Adamant_platebody_(g)"
"1536190469-1452","http://oldschoolrunescape.wikia.com/wiki/Body_slot_table","Zombie shirt","0","0","0","0","0","0","0","0","0","0","0","0","0","0","Zombie shirt","http://oldschoolrunescape.wikia.com/wiki/Zombie_shirt"
"1536190469-1419","http://oldschoolrunescape.wikia.com/wiki/Body_slot_table","Studded body (t)","0","0","0","-4","+8","+18","+25","+22","+8","+25","0","0","0","0","Studded body (t)","http://oldschoolrunescape.wikia.com/wiki/Studded_body_(t)"
"1536190469-1211","http://oldschoolrunescape.wikia.com/wiki/Body_slot_table","Black platebody","0","0","0","-30","-10","41","40","30","-6","40","0","0","0","0","Black platebody","http://oldschoolrunescape.wikia.com/wiki/Black_platebody"
"1536190469-1263","http://oldschoolrunescape.wikia.com/wiki/Body_slot_table","Dragon platebody","0","0","0","-30","-10","109","107","97","-6","106","0","0","0","0","Dragon platebody","http://oldschoolrunescape.wikia.com/wiki/Dragon_platebody"
"1536190469-1403","http://oldschoolrunescape.wikia.com/wiki/Body_slot_table","Slave shirt","0","0","0","0","0","0","0","0","0","0","0","0","0","0","Slave shirt","http://oldschoolrunescape.wikia.com/wiki/Slave_shirt"
"1536190469-1309","http://oldschoolrunescape.wikia.com/wiki/Body_slot_table","Guthix dragonhide","+0","+0","+0","-15","+30","+55","+47","+60","+50","+55","+0","0","0","+1","Guthix dragonhide","http://oldschoolrunescape.wikia.com/wiki/Guthix_dragonhide"
"1536190469-1353","http://oldschoolrunescape.wikia.com/wiki/Body_slot_table","Pink elegant blouse","0","0","0","0","0","0","0","0","0","0","0","0","0","0","Pink elegant blouse","http://oldschoolrunescape.wikia.com/wiki/Pink_elegant_blouse"
"1536190469-1438","http://oldschoolrunescape.wikia.com/wiki/Body_slot_table","White decorative body","0","0","0","-30","-10","46","44","38","-6","44","0","0","0","0","White decorative body","http://oldschoolrunescape.wikia.com/wiki/White_decorative_body"
"1536190469-1383","http://oldschoolrunescape.wikia.com/wiki/Body_slot_table","Rune platebody","0","0","0","-30","-10","+82","+80","+72","-6","+80","0","0","0","0","Rune platebody","http://oldschoolrunescape.wikia.com/wiki/Rune_platebody"
"1536190469-1450","http://oldschoolrunescape.wikia.com/wiki/Body_slot_table","Zamorak platebody","0","0","0","-30","-10","+82","+80","+72","-6","+80","0","0","0","+1","Zamorak platebody","http://oldschoolrunescape.wikia.com/wiki/Zamorak_platebody"
"1536190469-1267","http://oldschoolrunescape.wikia.com/wiki/Body_slot_table","Elder chaos top","0","0","0","+10","0","0","0","0","+8","0","0","0","0","0","Elder chaos top","http://oldschoolrunescape.wikia.com/wiki/Elder_chaos_top"
"1536190469-1193","http://oldschoolrunescape.wikia.com/wiki/Body_slot_table","Ankou top","0","0","0","0","0","0","0","0","0","0","0","0","0","0","Ankou top","http://oldschoolrunescape.wikia.com/wiki/Ankou_top"
"1536190469-1392","http://oldschoolrunescape.wikia.com/wiki/Body_slot_table","Shayzien platebody (1)","0","0","0","-5","0","+16","+20","+22","-2","+16","0","0","0","0","Shayzien platebody (1)","http://oldschoolrunescape.wikia.com/wiki/Shayzien_platebody_(1)"
"1536190469-1254","http://oldschoolrunescape.wikia.com/wiki/Body_slot_table","Decorative range top","0","0","0","0","0","+20","+20","+20","+20","+20","0","0","0","0","Decorative range top","http://oldschoolrunescape.wikia.com/wiki/Decorative_range_top"
"1536190469-1428","http://oldschoolrunescape.wikia.com/wiki/Body_slot_table","Varrock armour 1","+0","+0","+0","-30","-10","+32","+31","+24","-6","+31","+0","+0","+0","+0","Varrock armour 1","http://oldschoolrunescape.wikia.com/wiki/Varrock_armour_1"
"1536190469-1218","http://oldschoolrunescape.wikia.com/wiki/Body_slot_table","Blue d'hide body (g)","0","0","0","-15","+20","+45","+37","+50","+30","+45","0","0","0","0","Blue d'hide body (g)","http://oldschoolrunescape.wikia.com/wiki/Blue_d%27hide_body_(g)"
"1536190469-1407","http://oldschoolrunescape.wikia.com/wiki/Body_slot_table","Splitbark body","+0","+0","+0","+10","-10","+36","+26","+42","+15","+0","+0","0","0","+0","Splitbark body","http://oldschoolrunescape.wikia.com/wiki/Splitbark_body"
"1536190469-1215","http://oldschoolrunescape.wikia.com/wiki/Body_slot_table","Black wizard robe (g)","0","0","0","+3","0","0","0","0","+3","0","0","0","0","0","Black wizard robe (g)","http://oldschoolrunescape.wikia.com/wiki/Black_wizard_robe_(g)"
"1536190469-1416","http://oldschoolrunescape.wikia.com/wiki/Body_slot_table","Stripy pirate shirt (red)","0","0","0","0","0","0","0","0","0","0","0","0","0","0","Stripy pirate shirt (red)","http://oldschoolrunescape.wikia.com/wiki/Stripy_pirate_shirt_(red)"
"1536190469-1411","http://oldschoolrunescape.wikia.com/wiki/Body_slot_table","Steel platebody (g)","0","0","0","-30","-10","+32","+31","+24","-6","+31","0","0","0","0","Steel platebody (g)","http://oldschoolrunescape.wikia.com/wiki/Steel_platebody_(g)"
"1536190469-1219","http://oldschoolrunescape.wikia.com/wiki/Body_slot_table","Blue d'hide body (t)","0","0","0","-15","+20","+45","+37","+50","+30","+45","0","0","0","0","Blue d'hide body (t)","http://oldschoolrunescape.wikia.com/wiki/Blue_d%27hide_body_(t)"
"1536190469-1290","http://oldschoolrunescape.wikia.com/wiki/Body_slot_table","Graceful top","0","0","0","0","0","0","0","0","0","0","0","0","0","0","Graceful top","http://oldschoolrunescape.wikia.com/wiki/Graceful_top"
"1536190469-1358","http://oldschoolrunescape.wikia.com/wiki/Body_slot_table","Priest gown (top)","0","0","0","0","0","0","0","0","0","0","0","0","0","+3","Priest gown (top)","http://oldschoolrunescape.wikia.com/wiki/Priest_gown_(top)"
"1536190469-1412","http://oldschoolrunescape.wikia.com/wiki/Body_slot_table","Steel platebody (t)","0","0","0","-30","-10","+32","+31","+24","-6","+31","0","0","0","0","Steel platebody (t)","http://oldschoolrunescape.wikia.com/wiki/Steel_platebody_(t)"
"1536190469-1328","http://oldschoolrunescape.wikia.com/wiki/Body_slot_table","Larupia top","0","0","0","0","0","+10","+15","+19","0","+12","0","0","0","0","Larupia top","http://oldschoolrunescape.wikia.com/wiki/Larupia_top"
"1536190469-1268","http://oldschoolrunescape.wikia.com/wiki/Body_slot_table","Elite void top","0","0","0","0","0","+45","+45","+45","+45","+45","0","0","0","+3","Elite void top","http://oldschoolrunescape.wikia.com/wiki/Elite_void_top"
"1536190469-1404","http://oldschoolrunescape.wikia.com/wiki/Body_slot_table","Snakeskin body","0","0","0","-5","+12","+25","+28","+32","+15","+35","0","0","0","0","Snakeskin body","http://oldschoolrunescape.wikia.com/wiki/Snakeskin_body"
"1536190469-1381","http://oldschoolrunescape.wikia.com/wiki/Body_slot_table","Royal gown top","0","0","0","0","0","0","0","0","0","0","0","0","0","0","Royal gown top","http://oldschoolrunescape.wikia.com/wiki/Royal_gown_top"
"1536190469-1279","http://oldschoolrunescape.wikia.com/wiki/Body_slot_table","Fremennik robe","0","0","0","0","0","0","+2","+2","0","0","0","0","0","0","Fremennik robe","http://oldschoolrunescape.wikia.com/wiki/Fremennik_robe"
"1536190469-1434","http://oldschoolrunescape.wikia.com/wiki/Body_slot_table","Void knight top","0","0","0","0","0","+45","+45","+45","+45","+45","0","0","0","0","Void knight top","http://oldschoolrunescape.wikia.com/wiki/Void_knight_top"
"1536190469-1206","http://oldschoolrunescape.wikia.com/wiki/Body_slot_table","Black d'hide body (g)","0","0","0","-15","+30","+55","+47","+60","+50","+55","0","0","0","0","Black d'hide body (g)","http://oldschoolrunescape.wikia.com/wiki/Black_d%27hide_body_(g)"
"1536190469-1188","http://oldschoolrunescape.wikia.com/wiki/Body_slot_table","Ancestral robe top","0","0","0","+35","-8","42","31","51","28","0","0","0","2","0","Ancestral robe top","http://oldschoolrunescape.wikia.com/wiki/Ancestral_robe_top"
"1536190469-1231","http://oldschoolrunescape.wikia.com/wiki/Body_slot_table","Bob's red shirt","0","0","0","0","0","0","0","0","0","0","0","0","0","0","Bob's red shirt","http://oldschoolrunescape.wikia.com/wiki/Bob%27s_red_shirt"
"1536190469-1449","http://oldschoolrunescape.wikia.com/wiki/Body_slot_table","Zamorak monk top","0","0","0","2","0","0","0","0","3","0","0","0","0","3","Zamorak monk top","http://oldschoolrunescape.wikia.com/wiki/Zamorak_monk_top"
"1536190469-1339","http://oldschoolrunescape.wikia.com/wiki/Body_slot_table","Mithril platebody","0","0","0","-30","-10","+46","+44","+38","-6","+44","0","0","0","0","Mithril platebody","http://oldschoolrunescape.wikia.com/wiki/Mithril_platebody"
"1536190469-1313","http://oldschoolrunescape.wikia.com/wiki/Body_slot_table","Hardcore ironman platebody","0","0","0","-30","-10","+21","+20","+12","-6","+20","0","0","0","0","Hardcore ironman platebody","http://oldschoolrunescape.wikia.com/wiki/Hardcore_ironman_platebody"
"1536190469-1372","http://oldschoolrunescape.wikia.com/wiki/Body_slot_table","Red decorative body","0","0","0","-30","-10","32","31","24","-6","31","0","0","0","0","Red decorative body","http://oldschoolrunescape.wikia.com/wiki/Red_decorative_body"
"1536190469-1420","http://oldschoolrunescape.wikia.com/wiki/Body_slot_table","Teal robe top","0","0","0","0","0","0","+2","+2","0","0","0","0","0","0","Teal robe top","http://oldschoolrunescape.wikia.com/wiki/Teal_robe_top"
"1536190469-1204","http://oldschoolrunescape.wikia.com/wiki/Body_slot_table","Black chainbody","0","0","0","-15","0","+22","+32","+39","-3","+24","0","0","0","0","Black chainbody","http://oldschoolrunescape.wikia.com/wiki/Black_chainbody"
"1536190469-1269","http://oldschoolrunescape.wikia.com/wiki/Body_slot_table","Enchanted top","0","0","0","+20","0","0","0","0","+20","0","0","0","0","0","Enchanted top","http://oldschoolrunescape.wikia.com/wiki/Enchanted_top"
"1536190469-1248","http://oldschoolrunescape.wikia.com/wiki/Body_slot_table","Cream robe top","0","0","0","0","0","0","+2","+2","0","0","0","0","0","0","Cream robe top","http://oldschoolrunescape.wikia.com/wiki/Cream_robe_top"
"1536190469-1273","http://oldschoolrunescape.wikia.com/wiki/Body_slot_table","Fighter torso","0","0","0","-40","+0","+62","+85","+62","-10","+67","+4","0","0","+0","Fighter torso","http://oldschoolrunescape.wikia.com/wiki/Fighter_torso"
"1536190469-1285","http://oldschoolrunescape.wikia.com/wiki/Body_slot_table","Gold elegant blouse","0","0","0","0","0","0","0","0","0","0","0","0","0","0","Gold elegant blouse","http://oldschoolrunescape.wikia.com/wiki/Gold_elegant_blouse"
"1536190469-1282","http://oldschoolrunescape.wikia.com/wiki/Body_slot_table","Gilded chainbody","0","0","0","-15","0","+63","+72","+78","-3","+65","0","0","0","0","Gilded chainbody","http://oldschoolrunescape.wikia.com/wiki/Gilded_chainbody"
"1536190469-1324","http://oldschoolrunescape.wikia.com/wiki/Body_slot_table","Justiciar chestguard (beta)","0","0","0","-40","-20","+132","+130","+117","-16","+142","0","0","0","+4","Justiciar chestguard (beta)","http://oldschoolrunescape.wikia.com/wiki/Justiciar_chestguard_(beta)"
"1536190469-1446","http://oldschoolrunescape.wikia.com/wiki/Body_slot_table","Yak-hide armour (top)","+0","+0","+0","-5","+0","+25","+20","+15","-2","+25","+0","0","0","+0","Yak-hide armour (top)","http://oldschoolrunescape.wikia.com/wiki/Yak-hide_armour_(top)"
"1536190469-1289","http://oldschoolrunescape.wikia.com/wiki/Body_slot_table","Graceful top","0","0","0","0","0","0","0","0","0","0","0","0","0","0","Graceful top","http://oldschoolrunescape.wikia.com/wiki/Graceful_top"
"1536190469-1180","http://oldschoolrunescape.wikia.com/wiki/Body_slot_table","3rd age platebody","0","0","0","-20","0","96","108","113","-4","97","0","0","0","0","3rd age platebody","http://oldschoolrunescape.wikia.com/wiki/3rd_age_platebody"
"1536190469-1406","http://oldschoolrunescape.wikia.com/wiki/Body_slot_table","Spined body","0","0","0","-15","+15","+40","+32","+45","+20","+40","0","0","0","0","Spined body","http://oldschoolrunescape.wikia.com/wiki/Spined_body"
"1536190469-1299","http://oldschoolrunescape.wikia.com/wiki/Body_slot_table","Green d'hide body","0","0","0","-15","+15","+40","+32","+45","+20","+40","0","0","0","0","Green d'hide body","http://oldschoolrunescape.wikia.com/wiki/Green_d%27hide_body"
"1536190469-1229","http://oldschoolrunescape.wikia.com/wiki/Body_slot_table","Bob's green shirt","0","0","0","0","0","0","0","0","0","0","0","0","0","0","Bob's green shirt","http://oldschoolrunescape.wikia.com/wiki/Bob%27s_green_shirt"
"1536190469-1287","http://oldschoolrunescape.wikia.com/wiki/Body_slot_table","Golden apron","0","0","0","0","0","0","0","0","0","0","0","0","0","0","Golden apron","http://oldschoolrunescape.wikia.com/wiki/Golden_apron"
"1536190469-1378","http://oldschoolrunescape.wikia.com/wiki/Body_slot_table","Robe top of darkness","0","0","0","+20","0","0","0","0","+20","0","0","0","0","0","Robe top of darkness","http://oldschoolrunescape.wikia.com/wiki/Robe_top_of_darkness"
"1536190469-1402","http://oldschoolrunescape.wikia.com/wiki/Body_slot_table","Skeleton shirt","0","0","0","0","0","0","0","0","0","0","0","0","0","0","Skeleton shirt","http://oldschoolrunescape.wikia.com/wiki/Skeleton_shirt"
"1536190469-1251","http://oldschoolrunescape.wikia.com/wiki/Body_slot_table","Dark tuxedo jacket","0","0","0","0","0","0","0","0","0","0","0","0","0","0","Dark tuxedo jacket","http://oldschoolrunescape.wikia.com/wiki/Dark_tuxedo_jacket"
"1536190469-1377","http://oldschoolrunescape.wikia.com/wiki/Body_slot_table","Robe of elidinis (top)","0","0","0","0","0","0","0","0","0","0","0","0","0","0","Robe of elidinis (top)","http://oldschoolrunescape.wikia.com/wiki/Robe_of_elidinis_(top)"
"1536190469-1394","http://oldschoolrunescape.wikia.com/wiki/Body_slot_table","Shayzien platebody (3)","0","0","0","-8","0","+25","+32","+35","-3","+22","0","0","0","0","Shayzien platebody (3)","http://oldschoolrunescape.wikia.com/wiki/Shayzien_platebody_(3)"
"1536190469-1389","http://oldschoolrunescape.wikia.com/wiki/Body_slot_table","Saradomin platebody","0","0","0","-30","-10","+82","+80","+72","-6","+80","0","0","0","+1","Saradomin platebody","http://oldschoolrunescape.wikia.com/wiki/Saradomin_platebody"
"1536190469-1326","http://oldschoolrunescape.wikia.com/wiki/Body_slot_table","Khazard armour","0","0","0","0","0","+9","+11","+10","0","0","0","0","0","0","Khazard armour","http://oldschoolrunescape.wikia.com/wiki/Khazard_armour"
"1536190469-1197","http://oldschoolrunescape.wikia.com/wiki/Body_slot_table","Armadyl platebody","0","0","0","-30","-10","+82","+80","+72","-6","+80","0","0","0","+1","Armadyl platebody","http://oldschoolrunescape.wikia.com/wiki/Armadyl_platebody"
"1536190469-1310","http://oldschoolrunescape.wikia.com/wiki/Body_slot_table","Guthix platebody","0","0","0","-30","-10","+82","+80","+72","-6","+80","0","0","0","+1","Guthix platebody","http://oldschoolrunescape.wikia.com/wiki/Guthix_platebody"
"1536190469-1367","http://oldschoolrunescape.wikia.com/wiki/Body_slot_table","Pyromancer garb","0","0","0","0","0","0","0","0","0","0","0","0","0","0","Pyromancer garb","http://oldschoolrunescape.wikia.com/wiki/Pyromancer_garb"
"1536190469-1330","http://oldschoolrunescape.wikia.com/wiki/Body_slot_table","Lederhosen top","0","0","0","0","0","0","0","0","0","0","0","0","0","0","Lederhosen top","http://oldschoolrunescape.wikia.com/wiki/Lederhosen_top"
"1536190469-1386","http://oldschoolrunescape.wikia.com/wiki/Body_slot_table","Samurai shirt","0","0","0","0","0","+69","+67","+59","+10","+67","0","0","0","0","Samurai shirt","http://oldschoolrunescape.wikia.com/wiki/Samurai_shirt"
"1536190469-1388","http://oldschoolrunescape.wikia.com/wiki/Body_slot_table","Saradomin d'hide","+0","+0","+0","-15","+30","+55","+47","+60","+50","+55","+0","0","0","+1","Saradomin d'hide","http://oldschoolrunescape.wikia.com/wiki/Saradomin_d%27hide"
"1536190469-1319","http://oldschoolrunescape.wikia.com/wiki/Body_slot_table","Iron platebody (g)","0","0","0","-30","-10","+21","+20","+12","-6","+20","0","0","0","0","Iron platebody (g)","http://oldschoolrunescape.wikia.com/wiki/Iron_platebody_(g)"
"1536190469-1312","http://oldschoolrunescape.wikia.com/wiki/Body_slot_table","Ham shirt","0","0","0","0","0","0","+2","+2","0","0","0","0","0","0","Ham shirt","http://oldschoolrunescape.wikia.com/wiki/Ham_shirt"
"1536190469-1442","http://oldschoolrunescape.wikia.com/wiki/Body_slot_table","Woven top (blue)","0","0","0","0","0","0","0","0","0","0","0","0","0","0","Woven top (blue)","http://oldschoolrunescape.wikia.com/wiki/Woven_top_(blue)"
"1536190469-1244","http://oldschoolrunescape.wikia.com/wiki/Body_slot_table","Citizen top","0","0","0","0","0","0","+2","+2","0","0","0","0","0","0","Citizen top","http://oldschoolrunescape.wikia.com/wiki/Citizen_top"
"1536190469-1199","http://oldschoolrunescape.wikia.com/wiki/Body_slot_table","Bandos chestplate","+0","+0","+0","-15","-10","+98","+93","+105","-6","+133","+4","0","0","+1","Bandos chestplate","http://oldschoolrunescape.wikia.com/wiki/Bandos_chestplate"
"1536190469-1318","http://oldschoolrunescape.wikia.com/wiki/Body_slot_table","Iron platebody","0","0","0","-30","-10","+21","+20","+12","-6","+20","0","0","0","0","Iron platebody","http://oldschoolrunescape.wikia.com/wiki/Iron_platebody"
"1536190469-1281","http://oldschoolrunescape.wikia.com/wiki/Body_slot_table","Ghostly robe (top)","0","0","0","+5","0","0","0","0","+5","0","0","0","0","0","Ghostly robe (top)","http://oldschoolrunescape.wikia.com/wiki/Ghostly_robe_(top)"
"1536190469-1186","http://oldschoolrunescape.wikia.com/wiki/Body_slot_table","Adamant platebody (t)","0","0","0","-30","-10","+65","+63","+55","-6","+63","0","0","0","0","Adamant platebody (t)","http://oldschoolrunescape.wikia.com/wiki/Adamant_platebody_(t)"
"1536190469-1257","http://oldschoolrunescape.wikia.com/wiki/Body_slot_table","Desert top","0","0","0","0","0","0","0","0","0","0","0","0","0","0","Desert top","http://oldschoolrunescape.wikia.com/wiki/Desert_top"
"1536190469-1209","http://oldschoolrunescape.wikia.com/wiki/Body_slot_table","Black elegant shirt","0","0","0","0","0","0","0","0","0","0","0","0","0","0","Black elegant shirt","http://oldschoolrunescape.wikia.com/wiki/Black_elegant_shirt"
"1536190469-1265","http://oldschoolrunescape.wikia.com/wiki/Body_slot_table","Druid's robe top","0","0","0","0","0","0","0","0","0","0","0","0","0","+4","Druid's robe top","http://oldschoolrunescape.wikia.com/wiki/Druid%27s_robe_top"
"1536190469-1340","http://oldschoolrunescape.wikia.com/wiki/Body_slot_table","Mithril platebody (g)","0","0","0","-30","-10","+46","+44","+38","-6","+44","0","0","0","0","Mithril platebody (g)","http://oldschoolrunescape.wikia.com/wiki/Mithril_platebody_(g)"
"1536190469-1364","http://oldschoolrunescape.wikia.com/wiki/Body_slot_table","Purple elegant shirt","0","0","0","0","0","0","0","0","0","0","0","0","0","0","Purple elegant shirt","http://oldschoolrunescape.wikia.com/wiki/Purple_elegant_shirt"
"1536190469-1357","http://oldschoolrunescape.wikia.com/wiki/Body_slot_table","Polar camo top","0","0","0","0","0","+10","+15","+19","0","+12","0","0","0","0","Polar camo top","http://oldschoolrunescape.wikia.com/wiki/Polar_camo_top"
"1536190469-1293","http://oldschoolrunescape.wikia.com/wiki/Body_slot_table","Graceful top","0","0","0","0","0","0","0","0","0","0","0","0","0","0","Graceful top","http://oldschoolrunescape.wikia.com/wiki/Graceful_top"
